{"Shovels": [86.89061507192747, 1318.536780205674], "Trucks": [3594.0328636930676, 3837.749690473332, 399.53608011710287, 1813.0496945112782, 677.13829734644, 913.6271885609358, 1018.5791033611255, 1124.113581116655, 476.2607393722543, 1345.8558007617748]}