{"Shovels": [311.13503968274085, 387.6467843776879], "Trucks": [104.60936762467892, 340.52206710648323, 361.2168682730363, 360.66318162541853, 386.54719251387905, 153.5780080555191, 308.3087380459242, 297.03458204006864, 392.16299748114295, 336.7898398533807]}