{"Shovels": [366.36507317709066, 346.749612624772], "Trucks": [271.16285513515567, 255.92707629859763, 302.7455622752669, 329.84587064712343, 185.11544653818012, 233.88480739206804, 345.8417646680888, 336.82441505384145, 320.1015358831891, 386.87783101465214]}