{"best": [2429.0, 2538.0, 2518.0, 2452.0, 2350.0], "average": [5885.8, 6067.39, 7506.29, 7365.93, 8386.73], "thresholds": [0.013447304537421411, 0.03475903556714466, 0.08335430697158006, 0.06383568139931146, 0.06256905803502141, 0.007347536683141531, 0.058981953297324585, 0.07878249800333016, 0.05058120249898333, 0.09489149715167379, 0.07855350468377378, 0.031012480624588046], "score": 2350.0}