{"Shovels": [2900.4744847520656, 3978.158625359623], "Trucks": [1970.0637934427527, 3124.3086416516567, 2914.3480664314598, 2728.960707445981, 2923.69165918826, 3606.396871193874, 3177.28729611088, 3972.7912188876844, 3961.4239878211174, 3071.1050897363293]}